,count,avg_sentiment
Education,111,0.39261621621621623
Healthcare,114,0.29104473684210513
Infrastructure,154,0.13348181818181812
Pollution,83,-0.1664
Water,71,0.07680985915492952
Safety,53,0.5624264150943399
Employment,78,0.3195987179487179
